{
  "count": 21,
  "ok": 21,
  "total_latency_sec": 314.586927786,
  "latency_mean_sec": 14.980289531,
  "wer_final_mean": 0.16824386240800776,
  "wer_latest_mean": 0.16824386240800776,
  "wer_stable_mean": 0.713030392377588,
  "cache_bound_violations": 0,
  "final_tokens_mean": 60.523809523809526,
  "latest_tokens_mean": 60.523809523809526,
  "committed_units_mean": 45.42857142857143,
  "first_display_sec_mean": 1.0952380952380953,
  "first_commit_sec_mean": 12.418666666666667,
  "stable_coverage_ratio_mean": 0.3354788609478145,
  "display_revision_events_mean": 17.476190476190474,
  "display_revision_words_mean": 104.0952380952381,
  "committed_revision_events_total": 0,
  "repetition": {
    "text_token_count": 1271,
    "unique_text_token_count_sum": 1040,
    "unigram_total": 1271,
    "unigram_repeated": 231,
    "unigram_repetition_ratio": 0.18174665617623917,
    "bigram_total": 1250,
    "bigram_repeated": 25,
    "bigram_repetition_ratio": 0.02,
    "trigram_total": 1229,
    "trigram_repeated": 4,
    "trigram_repetition_ratio": 0.0032546786004882017
  },
  "chunk_ms": 1000.0,
  "feature_mode": "qwen_processor",
  "commit_mode": "word",
  "finalize_mode": "latest",
  "hold_back_words": 6,
  "stable_iterations": 2
}