{
  "count": 107,
  "ok": 107,
  "errors": 0,
  "wer_mean": 0.9486927633241015,
  "latency_p50": 0.2825324630000523,
  "latency_p95": 0.2856609440000284,
  "latency_mean": 0.29324211138317574,
  "tokens": 20243,
  "text_token_ratio": 0.3056859161191523,
  "wait_token_ratio": 0.6943140838808477,
  "repetition": {
    "text_token_count": 2285,
    "unique_text_token_count_sum": 109,
    "unigram_total": 2285,
    "unigram_repeated": 2176,
    "unigram_repetition_ratio": 0.9522975929978118,
    "bigram_total": 2178,
    "bigram_repeated": 2067,
    "bigram_repetition_ratio": 0.9490358126721763,
    "trigram_total": 2071,
    "trigram_repeated": 1958,
    "trigram_repetition_ratio": 0.9454369869628199
  },
  "checkpoint": "runs/jl_418187/realtime_qwen_audio_surgery_ctc_lite_mix1500_blankbias2_v0",
  "decode_mode": "ctc",
  "ctc_blank_logit_adjust": -5.0,
  "emit_threshold": 0.5,
  "repetition_penalty": 1.0,
  "no_repeat_ngram_size": 0,
  "max_consecutive_text_tokens": 0
}