{
  "count": 339,
  "ok": 339,
  "errors": 0,
  "wer_mean": 0.9756670816535349,
  "latency_p50": 0.14341116299999612,
  "latency_p95": 0.2576770000000579,
  "latency_mean": 0.15130368214454157,
  "tokens": 33294,
  "text_token_ratio": 0.15993872769868445,
  "wait_token_ratio": 0.8400612723013156,
  "repetition": {
    "text_token_count": 2277,
    "unique_text_token_count_sum": 245,
    "unigram_total": 2277,
    "unigram_repeated": 2032,
    "unigram_repetition_ratio": 0.8924022837066315,
    "bigram_total": 2036,
    "bigram_repeated": 1808,
    "bigram_repetition_ratio": 0.888015717092338,
    "trigram_total": 1812,
    "trigram_repeated": 1599,
    "trigram_repetition_ratio": 0.8824503311258278
  },
  "checkpoint": "runs/jl_418187/realtime_qwen_audio_surgery_ctc_lite_mix1500_blankbias2_v0",
  "decode_mode": "ctc",
  "ctc_blank_logit_adjust": -5.0,
  "emit_threshold": 0.5,
  "repetition_penalty": 1.0,
  "no_repeat_ngram_size": 0,
  "max_consecutive_text_tokens": 0
}