{
  "count": 21,
  "ok": 21,
  "errors": 0,
  "wer_mean": 1.3839237100537487,
  "latency_p50": 0.3754951790000405,
  "latency_p95": 0.3812762479999492,
  "latency_mean": 0.4399465644761882,
  "tokens": 5061,
  "text_token_ratio": 0.5753803596127247,
  "wait_token_ratio": 0.42461964038727523,
  "repetition": {
    "text_token_count": 2912,
    "unique_text_token_count_sum": 61,
    "unigram_total": 2912,
    "unigram_repeated": 2851,
    "unigram_repetition_ratio": 0.9790521978021978,
    "bigram_total": 2891,
    "bigram_repeated": 2738,
    "bigram_repetition_ratio": 0.9470771359391215,
    "trigram_total": 2870,
    "trigram_repeated": 2558,
    "trigram_repetition_ratio": 0.8912891986062718
  },
  "checkpoint": "runs/jl_418299/realtime_qwen_audio_surgery_rnnt_lite_mix1500_blank0_wait10_v0",
  "decode_mode": "rnnt_lite",
  "ctc_blank_logit_adjust": -2.0,
  "emit_threshold": 0.5,
  "repetition_penalty": 1.0,
  "no_repeat_ngram_size": 0,
  "max_consecutive_text_tokens": 0
}