{
  "count": 445,
  "ok": 445,
  "errors": 0,
  "wer_mean": 0.9307159160102221,
  "latency_p50": 0.27563980000002175,
  "latency_p95": 0.2811993470000971,
  "latency_mean": 0.27722715662471936,
  "tokens": 84385,
  "text_token_ratio": 0.21367541624696332,
  "wait_token_ratio": 0.7863245837530367,
  "repetition": {
    "text_token_count": 5526,
    "unique_text_token_count_sum": 1168,
    "unigram_total": 5526,
    "unigram_repeated": 4358,
    "unigram_repetition_ratio": 0.7886355410785378,
    "bigram_total": 5081,
    "bigram_repeated": 2485,
    "bigram_repetition_ratio": 0.48907695335563867,
    "trigram_total": 4636,
    "trigram_repeated": 0,
    "trigram_repetition_ratio": 0.0
  },
  "checkpoint": "runs/jl_418253/realtime_qwen_audio_surgery_compact_ctc_mix1500_vocab32768_blank1p5_v1",
  "decode_mode": "compact_ctc",
  "ctc_blank_logit_adjust": -5.0,
  "emit_threshold": 0.5,
  "repetition_penalty": 1.0,
  "no_repeat_ngram_size": 3,
  "max_consecutive_text_tokens": 0
}